id,property_id,make,model,license,resident_name,appartment_no,email,created_at,updated_at
100,4,2008-100,2008,4-2008,lorum ipsum,930,random_100@gmail.com,2003-09-28,2006-01-15
101,6,2007-101,2007,6-2007,lorum ipsum,905,random_101@gmail.com,2003-02-27,2019-01-13
102,3,2005-102,2005,3-2005,lorum ipsum,206,random_102@gmail.com,2011-01-24,2018-12-27
103,7,2020-103,2020,7-2020,lorum ipsum,743,random_103@gmail.com,2019-10-18,2001-05-17
104,2,2004-104,2004,2-2004,lorum ipsum,138,random_104@gmail.com,2004-02-25,2017-04-03
105,7,2012-105,2012,7-2012,lorum ipsum,97,random_105@gmail.com,2011-10-08,2000-01-12
106,1,2017-106,2017,1-2017,lorum ipsum,429,random_106@gmail.com,2013-09-14,2005-06-04
107,7,2013-107,2013,7-2013,lorum ipsum,382,random_107@gmail.com,2018-07-27,2019-10-09
108,8,2001-108,2001,8-2001,lorum ipsum,887,random_108@gmail.com,2005-12-02,2005-12-06
109,8,2005-109,2005,8-2005,lorum ipsum,753,random_109@gmail.com,2002-01-18,2008-07-10
110,6,2012-110,2012,6-2012,lorum ipsum,758,random_110@gmail.com,2011-08-02,2019-10-10
111,2,2022-111,2022,2-2022,lorum ipsum,866,random_111@gmail.com,2006-08-19,2011-01-03
112,4,2017-112,2017,4-2017,lorum ipsum,825,random_112@gmail.com,2013-05-07,2003-12-28
113,7,2006-113,2006,7-2006,lorum ipsum,833,random_113@gmail.com,2015-11-27,2004-04-25
114,1,2021-114,2021,1-2021,lorum ipsum,584,random_114@gmail.com,2018-05-19,2006-01-04
115,1,2022-115,2022,1-2022,lorum ipsum,830,random_115@gmail.com,2012-12-08,2015-02-24
116,3,2000-116,2000,3-2000,lorum ipsum,818,random_116@gmail.com,2009-05-13,2006-06-28
117,1,2017-117,2017,1-2017,lorum ipsum,178,random_117@gmail.com,2005-10-14,2000-10-24
118,5,2000-118,2000,5-2000,lorum ipsum,924,random_118@gmail.com,2000-09-28,2004-08-07
119,4,2011-119,2011,4-2011,lorum ipsum,521,random_119@gmail.com,2001-12-21,2001-07-09
120,7,2020-120,2020,7-2020,lorum ipsum,728,random_120@gmail.com,2006-05-20,2004-01-31
121,1,2006-121,2006,1-2006,lorum ipsum,586,random_121@gmail.com,2004-07-02,2016-02-03
122,4,2002-122,2002,4-2002,lorum ipsum,599,random_122@gmail.com,2001-05-25,2013-06-10
123,5,2001-123,2001,5-2001,lorum ipsum,51,random_123@gmail.com,2010-12-07,2008-07-28
124,2,2006-124,2006,2-2006,lorum ipsum,247,random_124@gmail.com,2003-10-13,2002-09-20
125,2,2018-125,2018,2-2018,lorum ipsum,366,random_125@gmail.com,2000-03-28,2006-04-25
126,1,2022-126,2022,1-2022,lorum ipsum,769,random_126@gmail.com,2004-12-16,2018-07-27
127,2,2020-127,2020,2-2020,lorum ipsum,265,random_127@gmail.com,2007-10-05,2006-11-27
128,2,2006-128,2006,2-2006,lorum ipsum,717,random_128@gmail.com,2019-10-02,2003-05-04
129,1,2007-129,2007,1-2007,lorum ipsum,863,random_129@gmail.com,2016-01-14,2002-07-07
130,7,2001-130,2001,7-2001,lorum ipsum,96,random_130@gmail.com,2013-09-05,2004-10-14
131,1,2019-131,2019,1-2019,lorum ipsum,250,random_131@gmail.com,2017-05-12,2009-12-17
132,7,2013-132,2013,7-2013,lorum ipsum,380,random_132@gmail.com,2019-08-04,2000-10-28
133,7,2001-133,2001,7-2001,lorum ipsum,326,random_133@gmail.com,2009-05-05,2005-09-19
134,2,2010-134,2010,2-2010,lorum ipsum,240,random_134@gmail.com,2018-02-17,2014-09-13
135,8,2014-135,2014,8-2014,lorum ipsum,936,random_135@gmail.com,2011-09-23,2006-09-04
136,4,2000-136,2000,4-2000,lorum ipsum,44,random_136@gmail.com,2001-03-22,2000-06-06
137,5,2022-137,2022,5-2022,lorum ipsum,234,random_137@gmail.com,2014-12-19,2016-09-10
138,2,2000-138,2000,2-2000,lorum ipsum,203,random_138@gmail.com,2010-07-13,2018-02-02
139,5,2018-139,2018,5-2018,lorum ipsum,20,random_139@gmail.com,2014-09-11,2019-07-23
140,1,2003-140,2003,1-2003,lorum ipsum,424,random_140@gmail.com,2009-06-28,2012-03-20
141,6,2009-141,2009,6-2009,lorum ipsum,806,random_141@gmail.com,2008-03-14,2000-01-09
142,1,2007-142,2007,1-2007,lorum ipsum,386,random_142@gmail.com,2009-04-17,2004-05-03
143,4,2014-143,2014,4-2014,lorum ipsum,344,random_143@gmail.com,2000-02-19,2013-07-24
144,6,2012-144,2012,6-2012,lorum ipsum,282,random_144@gmail.com,2009-01-28,2006-05-10
145,2,2016-145,2016,2-2016,lorum ipsum,805,random_145@gmail.com,2006-01-21,2005-09-30
146,1,2008-146,2008,1-2008,lorum ipsum,925,random_146@gmail.com,2005-03-31,2013-11-09
147,7,2013-147,2013,7-2013,lorum ipsum,900,random_147@gmail.com,2007-01-29,2005-04-24
148,3,2002-148,2002,3-2002,lorum ipsum,422,random_148@gmail.com,2010-04-27,2018-05-13
149,6,2018-149,2018,6-2018,lorum ipsum,278,random_149@gmail.com,2011-02-18,2013-09-25
150,7,2011-150,2011,7-2011,lorum ipsum,860,random_150@gmail.com,2007-05-30,2001-12-18
151,3,2003-151,2003,3-2003,lorum ipsum,111,random_151@gmail.com,2003-09-22,2002-02-02
152,6,2020-152,2020,6-2020,lorum ipsum,598,random_152@gmail.com,2003-09-22,2003-08-21
153,3,2000-153,2000,3-2000,lorum ipsum,621,random_153@gmail.com,2014-08-10,2010-11-15
154,7,2018-154,2018,7-2018,lorum ipsum,184,random_154@gmail.com,2004-04-18,2003-12-24
155,5,2003-155,2003,5-2003,lorum ipsum,127,random_155@gmail.com,2000-07-23,2001-09-28
156,5,2007-156,2007,5-2007,lorum ipsum,717,random_156@gmail.com,2001-09-23,2007-02-20
157,2,2013-157,2013,2-2013,lorum ipsum,38,random_157@gmail.com,2000-11-09,2010-04-24
158,5,2011-158,2011,5-2011,lorum ipsum,915,random_158@gmail.com,2004-11-18,2010-10-10
159,4,2022-159,2022,4-2022,lorum ipsum,739,random_159@gmail.com,2015-05-15,2001-05-26
160,1,2015-160,2015,1-2015,lorum ipsum,857,random_160@gmail.com,2015-03-27,2005-11-04
161,7,2012-161,2012,7-2012,lorum ipsum,587,random_161@gmail.com,2017-03-07,2004-12-05
162,1,2006-162,2006,1-2006,lorum ipsum,442,random_162@gmail.com,2019-02-25,2010-10-21
163,6,2018-163,2018,6-2018,lorum ipsum,120,random_163@gmail.com,2002-08-01,2013-04-21
164,4,2012-164,2012,4-2012,lorum ipsum,308,random_164@gmail.com,2013-12-30,2004-07-05
165,6,2012-165,2012,6-2012,lorum ipsum,720,random_165@gmail.com,2015-07-02,2004-02-27
166,3,2009-166,2009,3-2009,lorum ipsum,356,random_166@gmail.com,2011-05-07,2005-07-15
167,4,2004-167,2004,4-2004,lorum ipsum,575,random_167@gmail.com,2011-07-07,2010-06-01
168,3,2012-168,2012,3-2012,lorum ipsum,270,random_168@gmail.com,2002-10-05,2017-08-18
169,8,2008-169,2008,8-2008,lorum ipsum,131,random_169@gmail.com,2016-06-22,2010-06-18
170,6,2022-170,2022,6-2022,lorum ipsum,653,random_170@gmail.com,2002-09-17,2015-02-11
171,6,2020-171,2020,6-2020,lorum ipsum,420,random_171@gmail.com,2006-08-13,2004-09-14
172,6,2012-172,2012,6-2012,lorum ipsum,994,random_172@gmail.com,2015-12-03,2014-06-06
173,7,2002-173,2002,7-2002,lorum ipsum,220,random_173@gmail.com,2008-07-05,2013-05-16
174,4,2016-174,2016,4-2016,lorum ipsum,885,random_174@gmail.com,2018-02-09,2019-01-23
175,2,2009-175,2009,2-2009,lorum ipsum,979,random_175@gmail.com,2017-09-11,2019-05-22
176,3,2020-176,2020,3-2020,lorum ipsum,776,random_176@gmail.com,2009-04-06,2009-04-03
177,7,2002-177,2002,7-2002,lorum ipsum,291,random_177@gmail.com,2006-09-07,2018-12-04
178,6,2009-178,2009,6-2009,lorum ipsum,285,random_178@gmail.com,2012-12-21,2005-09-19
179,8,2012-179,2012,8-2012,lorum ipsum,247,random_179@gmail.com,2010-05-09,2009-04-03
180,8,2017-180,2017,8-2017,lorum ipsum,728,random_180@gmail.com,2018-08-11,2018-04-03
181,2,2014-181,2014,2-2014,lorum ipsum,461,random_181@gmail.com,2003-01-01,2013-12-07
182,8,2019-182,2019,8-2019,lorum ipsum,93,random_182@gmail.com,2012-12-12,2008-02-23
183,3,2016-183,2016,3-2016,lorum ipsum,123,random_183@gmail.com,2002-09-11,2011-10-23
184,8,2021-184,2021,8-2021,lorum ipsum,794,random_184@gmail.com,2001-09-27,2014-12-25
185,3,2022-185,2022,3-2022,lorum ipsum,875,random_185@gmail.com,2013-02-05,2011-11-14
186,8,2021-186,2021,8-2021,lorum ipsum,816,random_186@gmail.com,2011-10-15,2017-07-26
187,6,2016-187,2016,6-2016,lorum ipsum,70,random_187@gmail.com,2001-05-29,2015-08-04
188,3,2006-188,2006,3-2006,lorum ipsum,195,random_188@gmail.com,2010-06-25,2006-10-11
189,7,2014-189,2014,7-2014,lorum ipsum,632,random_189@gmail.com,2010-12-15,2002-07-11
190,5,2022-190,2022,5-2022,lorum ipsum,956,random_190@gmail.com,2009-04-20,2001-04-03
191,5,2013-191,2013,5-2013,lorum ipsum,732,random_191@gmail.com,2002-11-14,2002-07-04
192,3,2019-192,2019,3-2019,lorum ipsum,747,random_192@gmail.com,2009-01-18,2015-11-03
193,6,2016-193,2016,6-2016,lorum ipsum,158,random_193@gmail.com,2013-11-16,2013-07-05
194,7,2013-194,2013,7-2013,lorum ipsum,400,random_194@gmail.com,2011-07-06,2008-02-20
195,4,2019-195,2019,4-2019,lorum ipsum,595,random_195@gmail.com,2018-03-02,2000-02-28
196,7,2020-196,2020,7-2020,lorum ipsum,887,random_196@gmail.com,2010-08-28,2009-12-02
197,2,2012-197,2012,2-2012,lorum ipsum,825,random_197@gmail.com,2002-12-03,2009-07-23
198,1,2000-198,2000,1-2000,lorum ipsum,415,random_198@gmail.com,2002-10-16,2001-09-05
199,3,2022-199,2022,3-2022,lorum ipsum,619,random_199@gmail.com,2008-09-03,2005-04-19